[
    {
      "product_id": "LAP001",
      "product_title": "UltraBook Pro 15",
      "product_image": "../images/l1.avif",
      "category": "Laptops",
      "price": 1299.99,
      "description": "A high-performance ultrabook with a sleek design and excellent battery life.",
      "Specification": [
        "15.6-inch FHD display",
        "Intel Core i7 processor",
        "16GB RAM",
        "512GB SSD"
      ],
      "availability": true,
      "rating": 4.7
    },
    {
      "product_id": "LAP002",
      "product_title": "Gaming Beast X",
      "product_image": "../images/l2.avif",
      "category": "Laptops",
      "price": 1799.99,
      "description": "A powerful gaming laptop with top-of-the-line graphics and cooling system.",
      "Specification": [
        "17.3-inch QHD display",
        "NVIDIA GeForce RTX 3080",
        "32GB RAM",
        "1TB SSD"
      ],
      "availability": true,
      "rating": 4.8
    },
    {
      "product_id": "LAP003",
      "product_title": "Business Notebook 14",
      "product_image": "../images/l3.avif",
      "category": "Laptops",
      "price": 999.99,
      "description": "Reliable and efficient notebook designed for business professionals.",
      "Specification": [
        "14-inch FHD display",
        "Intel Core i5 processor",
        "8GB RAM",
        "256GB SSD"
      ],
      "availability": false,
      "rating": 4.5
    },
    {
      "product_id": "LAP004",
      "product_title": "Student Laptop Lite",
      "product_image": "../images/l4.avif",
      "category": "Laptops",
      "price": 499.99,
      "description": "Affordable and lightweight laptop for students and casual users.",
      "Specification": [
        "13.3-inch HD display",
        "Intel Pentium processor",
        "4GB RAM",
        "128GB SSD"
      ],
      "availability": true,
      "rating": 4.3
    },
    {
      "product_id": "LAP005",
      "product_title": "2-in-1 Convertible Laptop",
      "product_image": "../images/l5.avif",
      "category": "Laptops",
      "price": 749.99,
      "description": "Versatile 2-in-1 laptop with a touchscreen and stylus support.",
      "Specification": [
        "14-inch FHD touchscreen",
        "Intel Core i3 processor",
        "8GB RAM",
        "256GB SSD"
      ],
      "availability": true,
      "rating": 4.4
    },
    {
      "product_id": "LAP006",
      "product_title": "Creator's Laptop Pro",
      "product_image": "../images/l6.avif",
      "category": "Laptops",
      "price": 1499.99,
      "description": "High-end laptop designed for creators with excellent graphics and speed.",
      "Specification": [
        "15.6-inch 4K display",
        "Intel Core i9 processor",
        "16GB RAM",
        "1TB SSD"
      ],
      "availability": true,
      "rating": 4.9
    },
    {
      "product_id": "PHN001",
      "product_title": "Abjucator's Series",
      "product_image": "../images/p1.avif",
      "category": "Phones",
      "price": 999.99,
      "description": "High-end smartphone with an amazing camera and 5G connectivity.",
      "Specification": [
        "6.8-inch OLED display",
        "128GB storage",
        "Triple-lens 108MP camera",
        "5G compatible"
      ],
      "availability": true,
      "rating": 4.7
    },
    {
      "product_id": "PHN002",
      "product_title": "Budget Smartphone S",
      "product_image": "../images/p2.avif",
      "category": "Phones",
      "price": 199.99,
      "description": "Affordable smartphone with essential features and a long-lasting battery.",
      "Specification": [
        "6.1-inch LCD display",
        "64GB storage",
        "Dual-lens 12MP camera",
        "4000mAh battery"
      ],
      "availability": false,
      "rating": 4.2
    },
    {
      "product_id": "PHN003",
      "product_title": "Midrange Phone Plus",
      "product_image": "../images/p3.avif",
      "category": "Phones",
      "price": 499.99,
      "description": "Midrange smartphone with a large display and impressive performance.",
      "Specification": [
        "6.4-inch AMOLED display",
        "128GB storage",
        "Quad-lens 48MP camera",
        "4500mAh battery"
      ],
      "availability": true,
      "rating": 4.5
    },
    {
      "product_id": "SWT001",
      "product_title": "Smart Watch Series 8",
      "product_image": "../images/w1.avif",
      "category": "Smart Watches",
      "price": 399.99,
      "description": "Advanced smartwatch with health tracking and customizable faces.",
      "Specification": [
        "1.8-inch OLED display",
        "Heart rate and ECG",
        "Blood oxygen monitor",
        "GPS-enabled"
      ],
      "availability": true,
      "rating": 4.6
    },
    {
      "product_id": "SWT002",
      "product_title": "Fitness Tracker Watch",
      "product_image": "../images/w2.avif",
      "category": "Smart Watches",
      "price": 129.99,
      "description": "Affordable fitness tracker with sleep and activity tracking.",
      "Specification": [
        "1.3-inch LCD display",
        "Heart rate monitor",
        "Step counter",
        "Sleep tracking"
      ],
      "availability": true,
      "rating": 4.3
    },
    {
      "product_id": "SWT003",
      "product_title": "Smart Watch Pro",
      "product_image": "../images/w3.avif",
      "category": "Smart Watches",
      "price": 299.99,
      "description": "Stylish smartwatch with advanced tracking and long battery life.",
      "Specification": [
        "1.6-inch AMOLED display",
        "Voice assistant support",
        "Sleep and stress monitoring",
        "GPS and Bluetooth"
      ],
      "availability": true,
      "rating": 4.4
    },
    {
      "product_id": "PHN004",
      "product_title": "Flagship Smartphone Ultra",
      "product_image": "../images/p4.avif",
      "category": "Phones",
      "price": 1199.99,
      "description": "The ultimate flagship smartphone with top-notch camera and performance.",
      "Specification": [
        "6.9-inch QHD+ display",
        "256GB storage",
        "Quad-lens 108MP camera",
        "5000mAh battery"
      ],
      "availability": true,
      "rating": 4.8
    },
    {
      "product_id": "LAP007",
      "product_title": "Portable Laptop Go",
      "product_image": "../images/l7.avif",
      "category": "Laptops",
      "price": 649.99,
      "description": "Compact and lightweight laptop, perfect for work on the go.",
      "Specification": [
        "12.5-inch HD display",
        "Intel Core i5 processor",
        "8GB RAM",
        "256GB SSD"
      ],
      "availability": true,
      "rating": 4.5
    },
    {
      "product_id": "SWT004",
      "product_title": "Luxury Smart Watch",
      "product_image": "../images/w4.avif",
      "category": "Smart Watches",
      "price": 499.99,
      "description": "A luxury smartwatch with a premium design and advanced features.",
      "Specification": [
        "1.9-inch AMOLED display",
        "Heart rate monitor",
        "Voice assistant",
        "Battery life up to 10 days"
      ],
      "availability": false,
      "rating": 4.7
    }
  ]
  